Task_ID,Task_Duration_Days,Labor_Required,Equipment_Units,Material_Cost_USD,Start_Constraint,Risk_Level,Resource_Constraint_Score,Site_Constraint_Score,Dependency_Count
1,53,7,12,35411.91,4,Low,1,5,2
2,68,10,11,57020.67,0,High,1,5,4
3,65,7,15,50874.68,3,Medium,3,2,5
4,33,10,3,25189.66,4,Medium,3,1,0
5,43,40,1,48017.66,4,Low,1,8,2
6,92,32,16,71884.43,1,Low,7,3,3
7,30,33,2,40983.13,3,Low,4,1,7
8,21,42,2,55660.38,3,High,2,1,7
9,75,13,3,40217.47,4,Medium,5,2,4
10,17,9,8,38231.19,3,Medium,6,6,1
11,73,9,15,44594.43,4,Low,9,6,0
12,30,29,7,57664.25,1,High,4,3,3
13,53,21,6,55236.35,4,High,2,4,2
14,71,48,9,68434.02,3,Low,5,2,1
15,11,8,1,15813.3,3,Low,3,2,0
16,62,12,8,36922.93,4,Low,2,7,4
17,53,21,3,31920.05,4,Low,1,1,1
18,107,17,4,50774.5,4,Medium,2,7,5
19,57,5,15,46353.88,2,Low,6,1,6
20,69,7,6,30465.16,3,Low,8,6,1
21,117,23,15,80320.44,3,Medium,3,3,6
22,66,27,3,48585.18,2,Low,9,8,7
23,21,4,14,38844.74,4,Low,9,6,3
24,47,42,14,67586.12,1,Low,2,2,0
25,29,43,4,55553.7,4,Low,8,8,3
26,7,15,12,41797.94,4,Medium,5,5,3
27,83,12,17,61627.12,2,Low,4,8,2
28,33,19,7,44255.45,3,Medium,5,8,4
29,111,13,9,55406.25,4,Medium,4,6,1
30,36,24,3,38933.13,3,Low,8,2,0
31,30,13,13,49637.25,0,Medium,4,8,7
32,20,14,15,49273.46,3,Low,6,6,5
33,29,26,18,58212.0,1,Low,2,6,4
34,58,46,19,94047.37,1,High,5,8,4
35,32,20,1,40924.23,4,High,6,1,0
36,77,47,6,77757.15,3,High,5,2,4
37,60,37,2,48734.23,4,Low,2,9,2
38,69,46,14,82395.66,2,Low,7,8,4
39,97,9,6,54194.67,1,Medium,4,7,7
40,90,30,14,71960.61,4,Low,8,7,7
41,84,33,4,52775.78,2,Low,7,5,2
42,45,45,8,61939.63,4,Low,7,2,1
43,119,19,3,52844.4,3,Low,9,6,1
44,112,7,19,72472.44,3,High,1,3,3
45,55,19,14,58082.7,3,Low,6,4,7
46,109,20,17,76295.27,3,Medium,6,2,2
47,75,23,8,47389.77,0,Low,6,2,5
48,82,38,14,79220.04,2,Medium,6,8,1
49,33,33,6,52157.5,2,Medium,7,8,4
50,87,42,16,84434.04,3,Low,6,6,0
51,23,4,19,44824.34,0,High,1,5,0
52,70,29,14,67450.0,3,Medium,3,8,6
53,45,11,19,61464.59,0,High,2,4,7
54,49,36,3,62591.75,3,High,6,4,2
55,19,30,10,54935.04,1,Medium,8,5,5
56,7,16,19,56604.31,1,High,3,1,3
57,15,34,9,49063.42,4,Low,8,1,4
58,57,8,13,43818.35,3,Low,8,2,2
59,50,13,7,35138.47,2,Low,5,8,6
60,34,31,14,57358.47,4,Low,8,7,0
61,61,22,9,55742.77,1,Low,6,9,2
62,108,32,19,83207.2,3,Low,5,5,4
63,22,25,15,68782.35,4,High,9,2,5
64,55,21,14,57974.09,3,Low,7,7,7
65,52,38,6,58279.16,1,Low,8,8,5
66,70,5,4,35771.39,4,Medium,1,7,1
67,100,29,8,62582.84,1,Low,2,7,4
68,12,45,17,86238.23,0,High,8,5,6
69,26,21,9,40920.32,1,Low,9,2,1
70,10,25,1,43666.13,3,High,4,6,1
71,80,33,14,68801.35,2,Medium,9,4,1
72,115,42,11,79376.86,1,Low,4,2,2
73,61,37,3,55319.28,2,Low,9,9,6
74,108,35,9,83060.15,0,High,7,7,0
75,40,37,14,68352.02,4,Medium,2,6,5
76,83,3,9,43919.92,4,Medium,9,5,7
77,96,16,4,49219.11,2,Medium,4,3,2
78,61,35,4,48095.41,4,Low,8,4,0
79,53,37,8,57400.97,1,Low,7,3,5
80,49,7,2,25162.71,2,Low,7,8,7
81,86,40,9,81774.9,3,High,8,3,6
82,70,43,14,83391.63,1,Medium,1,7,7
83,81,13,9,45930.46,1,Low,5,7,6
84,49,4,16,43143.73,1,Low,2,7,4
85,83,46,17,87618.04,3,Low,2,7,7
86,24,19,16,44978.23,0,Low,1,2,5
87,68,41,12,74621.74,4,Medium,5,3,5
88,97,22,3,58407.99,2,Medium,2,9,6
89,110,16,11,67761.83,0,High,4,3,5
90,97,34,14,72727.42,2,Low,3,2,3
91,71,36,18,78604.68,4,Low,3,9,4
92,87,27,5,54706.04,3,Medium,2,9,2
93,7,9,16,43217.37,1,Medium,6,4,7
94,58,37,5,61226.04,1,Medium,2,9,2
95,82,49,3,65698.06,3,Medium,8,3,0
96,68,31,12,63166.11,0,Low,8,7,2
97,44,24,1,38504.15,0,Medium,5,7,1
98,63,43,9,72431.52,2,Low,7,8,5
99,59,45,9,67138.35,3,Low,4,4,2
100,66,15,4,36473.74,0,Low,1,3,0
101,8,15,3,20782.63,3,Low,2,3,0
102,64,3,17,51458.33,4,Medium,4,5,1
103,79,38,2,49385.21,1,Low,1,1,0
104,99,6,1,37790.79,1,Medium,8,3,6
105,111,39,8,93453.97,1,High,9,6,3
106,100,46,13,84321.51,3,Low,4,3,6
107,95,42,15,77501.43,3,Low,3,5,5
108,34,48,8,77617.93,2,Medium,2,9,5
109,111,15,12,55985.06,1,Low,5,2,5
110,6,40,12,56063.46,2,Low,3,2,4
111,66,26,14,64518.79,1,Low,7,6,2
112,53,21,15,51986.14,2,Low,6,6,3
113,13,3,15,41718.02,2,High,1,8,2
114,96,40,9,88144.49,4,High,8,2,3
115,35,7,19,52025.51,2,Medium,2,9,2
116,102,18,8,65996.01,3,High,5,2,1
117,65,26,19,80339.59,2,High,9,1,7
118,83,29,6,55314.82,1,Low,8,2,6
119,52,3,19,62855.77,2,High,2,7,0
120,29,36,4,55612.54,0,Medium,9,8,0
121,40,38,7,66365.46,1,High,5,5,6
122,12,6,4,28849.91,0,High,6,6,1
123,77,2,12,36224.37,1,Low,3,1,3
124,62,41,13,74724.68,3,Low,3,6,6
125,105,13,3,47196.49,3,Low,8,8,4
126,116,37,12,71053.97,3,Low,2,3,3
127,49,46,2,63261.54,0,High,2,1,0
128,66,24,2,53299.55,4,High,5,4,4
129,43,48,9,65648.28,1,Low,6,1,2
130,100,32,1,57289.29,3,Medium,2,8,4
131,62,12,8,42893.42,1,Low,5,5,3
132,85,11,6,38995.98,0,Low,7,1,1
133,103,4,6,42520.31,4,Low,8,8,2
134,105,15,18,65645.93,0,Low,7,9,3
135,87,17,17,71897.06,1,High,8,2,2
136,68,11,12,58472.53,4,Low,9,9,4
137,48,30,6,60500.24,4,Medium,5,8,0
138,33,11,8,39390.96,0,Medium,5,7,3
139,63,13,19,61999.01,3,Low,4,3,7
140,75,31,10,76238.21,1,High,9,2,1
141,96,42,1,72224.37,2,High,5,7,7
142,13,2,13,27025.2,2,Low,2,5,7
143,96,6,17,59706.03,0,Low,8,6,6
144,10,21,3,30580.18,1,Low,7,4,4
145,33,9,8,30493.99,1,Low,8,2,3
146,62,44,14,76163.68,0,Low,3,9,1
147,21,13,3,25072.55,1,Medium,4,3,3
148,20,2,16,43045.0,3,Medium,5,7,4
149,91,21,13,57883.23,0,Low,6,8,3
150,99,29,17,67382.03,3,Low,1,2,2
151,7,44,13,71779.71,1,High,4,6,4
152,25,38,6,52089.86,0,Low,5,8,3
153,68,48,17,83774.29,1,Low,7,7,6
154,94,38,14,70245.67,0,Low,5,3,0
155,40,13,17,59331.75,1,High,1,1,3
156,110,38,8,75978.24,3,Low,7,6,2
157,105,45,11,89516.55,3,Medium,8,8,1
158,90,29,1,62005.4,1,Medium,7,6,6
159,66,48,7,70627.54,0,Low,4,5,1
160,46,16,17,61737.72,2,Medium,8,8,7
161,80,7,10,44196.48,3,Low,5,2,6
162,46,45,11,73225.11,3,Medium,9,1,1
163,65,21,9,55786.3,2,Medium,5,1,0
164,17,15,9,37524.57,1,Medium,1,4,2
165,15,3,5,19533.91,0,Low,9,6,7
166,58,10,17,68720.22,1,High,5,9,4
167,20,38,9,53353.39,4,Low,6,1,1
168,12,21,17,47509.41,3,Low,4,1,6
169,108,27,19,76603.82,4,Low,6,5,2
170,63,30,7,58590.24,3,Medium,8,5,3
171,61,2,9,34394.76,3,Medium,3,5,0
172,44,36,7,52967.45,4,Low,5,6,2
173,113,7,13,60419.06,4,Medium,2,8,2
174,63,38,11,63292.18,1,Low,2,3,4
175,6,6,14,40185.35,4,Medium,7,9,2
176,98,34,19,84586.52,1,Low,6,1,4
177,98,15,11,51868.1,1,Medium,4,4,0
178,80,13,13,53118.41,1,Low,5,9,0
179,14,43,14,74971.72,3,High,1,8,3
180,48,21,13,51889.46,3,Low,7,9,4
181,15,25,1,31993.36,4,Low,8,1,4
182,83,44,8,72140.76,3,Low,9,9,1
183,84,35,12,84841.22,4,High,8,3,1
184,85,26,19,88504.2,3,High,5,9,3
185,94,30,12,68418.39,0,Low,3,1,0
186,6,40,8,56150.05,0,Medium,9,1,5
187,54,32,8,72289.66,4,High,6,9,1
188,16,48,13,69702.44,3,Medium,5,6,2
189,119,44,12,86368.09,3,Medium,3,4,0
190,94,24,16,68104.26,1,Low,6,7,5
191,27,45,1,50707.34,2,Low,3,5,7
192,22,39,13,76034.83,4,High,6,7,2
193,66,21,7,57198.14,2,High,4,8,6
194,100,24,5,60474.58,2,Medium,2,8,4
195,117,46,8,76258.53,4,Low,8,1,0
196,66,17,14,52949.61,3,Low,4,8,6
197,42,43,13,76864.66,4,Medium,9,6,3
198,115,9,15,66969.47,2,High,7,4,4
199,71,22,17,78093.92,3,High,2,8,4
200,42,2,15,42133.14,0,Medium,4,3,2
201,71,9,18,60998.76,4,Medium,5,4,6
202,98,30,18,76238.5,4,Low,3,6,4
203,65,33,2,55540.55,3,Low,9,7,1
204,5,39,4,58856.63,0,High,5,4,0
205,98,6,1,38852.28,0,Medium,2,4,1
206,49,48,4,59444.88,3,Low,3,7,2
207,100,23,18,70653.13,1,Low,9,6,5
208,32,48,5,67852.06,4,Medium,7,8,7
209,25,35,19,65243.2,4,Low,2,1,2
210,114,2,15,57037.83,2,Low,9,7,0
211,17,27,8,50533.55,3,Medium,4,7,4
212,31,44,17,79320.52,2,Medium,9,7,6
213,104,11,1,41493.75,2,Medium,2,7,6
214,11,31,12,49221.59,0,Low,4,8,3
215,26,19,19,64017.16,4,Medium,5,9,2
216,78,18,15,59190.79,2,Low,2,9,0
217,107,27,9,60783.9,0,Low,1,2,3
218,57,9,7,44103.11,3,Medium,7,7,4
219,83,48,2,63022.4,2,Medium,1,7,5
220,83,41,9,76722.42,4,High,8,4,2
221,8,13,10,39579.44,2,Medium,3,9,5
222,100,28,2,58494.23,3,Medium,6,8,0
223,27,9,19,50661.0,2,Low,7,1,5
224,74,26,11,55933.39,4,Low,1,2,5
225,92,47,13,76372.15,0,Low,6,2,0
226,88,5,10,46086.49,4,Low,7,8,0
227,105,34,14,85148.24,0,High,6,1,2
228,88,2,18,50293.84,1,Low,4,4,5
229,80,20,19,71856.2,4,High,1,5,3
230,37,32,9,63755.56,4,Medium,9,9,7
231,32,17,7,48586.45,3,High,4,7,0
232,12,15,3,30211.56,2,Medium,7,8,4
233,5,49,6,66033.07,0,Medium,7,9,5
234,41,6,2,21764.39,0,Low,2,7,0
235,67,42,6,60146.74,3,Low,1,5,3
236,26,27,3,45735.17,3,Medium,8,5,6
237,74,29,16,72238.11,2,Low,8,6,2
238,25,3,8,27902.59,2,Low,7,5,5
239,100,7,2,42693.23,4,Medium,8,9,6
240,39,10,17,43607.06,1,Low,3,3,0
241,83,34,9,73570.55,2,High,2,3,0
242,9,42,12,67403.04,3,High,7,7,4
243,64,26,3,55705.42,2,High,8,7,4
244,50,49,11,72146.41,0,Low,1,6,5
245,54,14,1,34826.63,1,Low,9,3,6
246,52,10,13,60663.15,4,High,4,7,7
247,10,14,15,44179.88,0,Low,4,5,6
248,93,32,5,68389.23,0,High,3,7,0
249,60,42,17,86113.29,1,High,6,2,7
250,114,12,6,58010.13,4,High,1,6,5
251,63,5,11,33920.19,3,Low,6,8,0
252,108,35,18,83901.97,4,Low,2,1,4
253,33,39,4,60748.66,2,High,9,4,3
254,75,47,3,57199.96,0,Low,2,1,1
255,108,5,13,54675.86,2,Low,7,1,7
256,81,39,9,66656.12,3,Medium,1,8,1
257,106,20,6,61331.79,2,High,7,7,0
258,22,7,12,40303.91,4,Medium,5,1,6
259,6,35,2,46161.14,2,Medium,8,2,4
260,12,19,3,26684.9,3,Low,4,4,2
261,79,14,3,42482.75,3,Medium,7,1,2
262,101,42,12,92705.13,3,High,6,3,1
263,58,24,15,62608.96,4,Low,5,8,3
264,42,20,9,51503.51,3,Medium,4,8,1
265,52,46,8,80226.94,0,High,7,8,0
266,31,12,11,43798.23,3,Medium,5,6,3
267,24,2,16,48819.5,2,Medium,5,6,2
268,16,25,4,32977.41,2,Medium,1,5,6
269,47,8,1,27873.76,2,Low,2,9,4
270,65,26,7,54006.32,4,Low,5,4,7
271,35,22,2,46244.86,2,High,3,7,4
272,95,16,5,53740.09,4,High,2,1,0
273,100,2,7,50333.34,4,High,4,9,1
274,65,13,4,50110.33,3,High,4,7,0
275,78,8,5,43080.41,0,Medium,4,9,7
276,71,16,1,38916.35,3,Medium,4,7,4
277,113,22,1,61405.95,3,High,3,2,7
278,95,20,15,75554.3,4,Medium,7,6,2
279,39,30,19,68618.49,4,Medium,9,4,4
280,99,26,10,79671.28,2,High,5,3,3
281,19,34,18,71889.81,2,High,4,2,6
282,20,33,3,38119.11,3,Low,2,6,7
283,17,36,11,51165.33,1,Low,2,8,6
284,117,45,15,88502.55,1,Low,5,6,5
285,39,39,11,66360.85,2,Medium,7,9,4
286,79,27,17,67325.22,1,Low,9,5,4
287,63,12,17,52134.35,2,Low,7,2,6
288,25,36,6,57215.37,4,Medium,5,8,5
289,119,9,5,47304.56,3,Low,6,9,3
290,58,47,8,74323.59,0,Medium,3,4,1
291,79,15,2,42054.45,3,Low,5,6,7
292,34,11,16,52373.83,2,Low,8,8,7
293,52,3,12,47715.15,2,High,1,9,4
294,39,47,6,53776.45,3,Low,1,5,6
295,90,10,1,28210.06,2,Low,7,6,0
296,42,4,4,32153.19,1,Medium,5,4,4
297,35,22,17,63331.26,1,Medium,5,5,0
298,82,27,13,60249.89,2,Low,1,7,3
299,28,9,18,51177.79,2,Medium,9,9,4
300,118,49,5,72358.55,1,Low,1,6,7
301,53,3,3,25124.08,2,Low,5,6,6
302,100,7,11,57629.68,2,Medium,9,8,3
303,104,29,13,77727.59,3,Medium,4,4,3
304,36,30,4,47348.94,0,Medium,8,3,1
305,59,27,14,66867.89,1,Medium,6,7,4
306,83,26,11,73375.96,3,High,3,5,0
307,111,13,10,50024.72,0,Medium,4,2,0
308,62,6,19,50052.36,2,Low,2,2,4
309,103,35,18,91397.31,2,High,1,6,5
310,7,49,6,59838.28,3,Low,8,8,1
311,84,38,15,72837.82,2,Low,1,1,1
312,73,16,10,44311.07,4,Low,1,6,1
313,89,45,5,63178.0,3,Low,4,2,0
314,14,37,5,49694.07,0,High,6,2,3
315,87,16,10,69149.97,3,High,9,7,6
316,29,44,5,57819.32,1,Medium,1,1,5
317,72,49,3,70895.54,3,Low,7,6,7
318,65,24,6,46001.8,2,Low,5,7,1
319,33,7,4,28543.01,2,Low,8,8,0
320,23,47,18,73090.22,4,Low,7,7,0
321,47,45,9,64085.63,4,Medium,4,6,7
322,70,44,17,87716.46,4,Medium,4,9,3
323,78,46,13,82499.95,0,Medium,6,3,7
324,65,22,15,57347.54,4,Low,6,6,4
325,47,24,17,76094.32,0,High,9,4,4
326,29,44,13,76024.74,4,Medium,5,2,6
327,24,17,16,55216.26,0,Medium,8,1,7
328,52,48,4,65552.44,3,Medium,5,1,6
329,87,16,5,40988.13,3,Low,2,3,1
330,91,26,5,51341.22,2,Low,6,4,6
331,28,37,9,55987.79,0,Low,9,2,1
332,15,12,17,43081.88,1,Medium,3,1,5
333,114,16,13,56180.77,2,Low,1,4,6
334,102,5,2,29826.22,3,Low,1,7,3
335,59,22,13,54724.07,0,Low,3,6,1
336,32,14,19,51792.53,4,Low,5,6,3
337,73,23,3,58881.17,1,High,3,9,0
338,67,20,10,59009.93,3,Medium,9,2,1
339,63,35,2,47196.72,2,Low,8,4,0
340,9,15,13,39300.4,0,Low,3,5,2
341,55,5,19,48275.38,1,Low,9,1,3
342,25,49,17,77919.54,0,Low,6,8,2
343,16,47,14,72155.32,4,Low,7,8,1
344,54,28,12,59344.14,2,Low,4,6,0
345,8,30,12,48506.06,0,Low,4,5,1
346,117,48,11,94500.37,3,Medium,2,8,2
347,46,29,7,56423.94,2,Medium,5,3,7
348,88,36,4,60705.16,3,Low,8,3,7
349,42,9,19,47792.46,0,Low,7,2,1
350,29,17,1,32406.07,2,Medium,7,5,5
351,18,43,3,55759.65,3,Medium,6,3,4
352,79,37,13,81302.27,4,High,3,3,2
353,36,31,15,67282.48,4,Medium,5,6,1
354,15,19,2,26342.24,0,Low,1,8,0
355,65,3,11,37669.8,2,Low,7,2,1
356,22,14,4,42039.89,1,Medium,9,4,7
357,31,5,19,40816.11,2,Low,1,7,0
358,59,27,17,69596.88,4,Medium,2,1,4
359,58,26,3,51016.92,3,High,3,1,1
360,86,31,18,73915.58,1,Medium,3,7,6
361,91,12,8,48119.58,0,Low,8,7,7
362,79,8,19,59790.51,1,Medium,7,1,6
363,25,32,5,42499.53,0,Low,6,1,4
364,48,45,7,66420.79,1,Medium,4,4,2
365,9,11,8,42256.07,0,High,9,5,0
366,91,40,5,60409.46,0,Low,1,5,6
367,45,14,17,60784.72,1,High,2,4,5
368,63,32,5,65802.08,1,High,4,8,2
369,93,8,4,32872.82,0,Low,3,7,0
370,109,43,19,86184.64,4,Low,1,9,7
371,58,43,2,57071.09,1,Low,5,7,7
372,78,37,11,71312.55,2,Low,7,1,7
373,26,21,13,49167.54,3,Low,2,7,4
374,87,5,15,55126.45,0,Medium,5,1,6
375,69,8,12,49851.94,0,Low,6,7,7
376,68,2,11,43146.05,3,Low,7,8,3
377,75,45,7,79507.26,4,High,1,9,7
378,8,46,5,52242.57,3,Low,7,3,1
379,69,43,17,91571.38,1,High,4,4,4
380,19,48,9,61639.75,3,Low,8,4,0
381,108,14,14,62802.74,0,Low,4,9,0
382,80,23,12,64343.58,3,Medium,6,7,0
383,26,22,6,42399.16,2,Medium,9,3,0
384,90,23,17,71125.38,1,High,5,5,1
385,118,29,19,84905.09,3,Medium,4,7,2
386,51,10,19,63453.75,0,High,8,8,5
387,85,27,16,68478.81,1,Low,9,1,3
388,97,10,12,44738.93,0,Low,4,2,1
389,50,16,12,53726.05,4,Medium,3,7,0
390,18,11,6,42225.31,2,High,8,2,1
391,54,25,4,56006.53,4,High,5,7,4
392,24,43,6,51747.95,2,Low,2,9,5
393,54,9,11,41259.2,3,Low,9,2,0
394,116,25,1,61780.43,1,Medium,3,7,3
395,37,17,15,51447.44,3,Low,2,4,0
396,63,27,11,61681.76,2,High,1,2,5
397,47,28,19,76070.46,2,High,8,7,3
398,83,38,18,74301.39,2,Low,3,5,5
399,16,5,17,40089.06,0,Medium,7,1,3
400,44,25,19,67354.78,1,Medium,1,5,2
401,24,20,14,44229.92,3,Low,1,3,6
402,98,37,18,94183.99,3,High,9,7,2
403,42,40,19,85517.33,4,Medium,8,6,1
404,7,11,15,51690.28,2,High,3,8,1
405,32,26,15,52085.89,2,Low,6,5,7
406,60,19,4,51745.17,2,High,3,2,3
407,94,20,7,55118.1,3,Low,4,9,7
408,98,37,13,76884.79,4,Low,1,8,7
409,17,11,3,31888.58,0,High,5,6,0
410,81,34,16,72138.09,1,Low,1,7,6
411,70,6,9,31681.84,0,Low,1,9,4
412,41,48,8,81300.96,3,High,7,7,4
413,53,36,13,72503.22,2,High,6,3,0
414,106,45,17,89688.11,1,Medium,2,6,0
415,70,35,17,75847.58,3,Medium,2,7,2
416,40,34,17,72201.2,3,Low,7,2,4
417,58,22,1,31893.89,3,Low,1,3,3
418,30,18,8,39526.78,1,Low,2,4,5
419,79,23,19,77328.02,1,Medium,8,6,7
420,76,49,6,71412.67,4,Medium,6,1,1
421,112,38,3,73768.8,4,High,2,9,7
422,44,16,5,40813.43,0,Medium,7,5,7
423,47,36,13,63976.62,1,Low,4,7,5
424,26,29,15,58105.21,1,Low,2,9,2
425,24,8,14,38787.02,1,Low,6,9,4
426,12,33,16,65074.76,4,Medium,9,1,7
427,33,12,18,47856.53,3,Low,9,1,6
428,44,11,11,48117.87,2,High,8,3,0
429,94,10,3,33966.93,4,Low,3,6,6
430,34,15,10,41064.09,1,Low,3,2,6
431,85,14,10,45013.48,4,Low,2,1,4
432,88,26,16,70879.17,0,Medium,5,1,3
433,59,3,12,41000.16,1,Medium,4,5,2
434,20,36,2,42049.43,0,Low,7,4,7
435,50,8,9,35713.22,1,Low,4,1,7
436,66,22,3,48839.36,4,Medium,9,4,7
437,111,19,15,63242.22,3,Low,2,3,0
438,11,4,3,31854.63,2,High,6,2,5
439,84,43,19,91241.01,0,Medium,7,9,3
440,49,40,18,72181.6,4,Low,4,1,5
441,63,42,8,66823.18,3,Low,6,7,1
442,115,12,17,81091.89,4,High,7,4,2
443,60,40,8,57173.07,0,Low,4,5,3
444,52,25,7,43097.59,2,Low,8,5,3
445,31,47,7,74098.18,4,High,9,1,7
446,57,20,3,48188.37,1,High,1,6,5
447,91,5,1,45500.51,3,High,7,9,0
448,92,27,4,60042.68,4,Medium,9,2,1
449,77,39,5,61998.11,3,Low,5,7,7
450,39,43,1,52547.64,1,Low,2,6,7
451,55,33,15,71356.95,2,Medium,6,5,7
452,88,40,5,70734.74,2,Medium,7,4,5
453,41,46,13,64552.88,1,Low,2,4,3
454,110,47,8,88073.62,3,High,2,6,2
455,85,37,8,58016.61,4,Low,1,4,3
456,115,41,5,65352.47,1,Low,4,5,4
457,99,38,9,75328.36,0,Low,7,6,2
458,61,34,1,44626.39,3,Low,9,5,7
459,12,37,4,42650.04,2,Low,3,7,2
460,83,4,3,34981.65,1,Low,7,9,3
461,99,10,2,44164.07,2,Low,7,7,0
462,98,9,8,54331.23,3,Medium,7,7,7
463,114,34,9,73802.66,2,Medium,2,4,2
464,24,7,2,24319.06,1,Medium,6,1,4
465,107,42,14,97471.7,3,High,2,8,5
466,57,40,14,70295.11,0,Low,6,4,0
467,16,5,4,13574.74,1,Low,3,1,0
468,53,14,6,49946.54,4,High,2,5,0
469,21,3,11,28713.43,1,Low,6,8,2
470,68,6,3,33304.51,3,High,2,4,0
471,46,45,8,59214.03,1,Low,5,8,3
472,98,28,3,62096.8,0,High,2,8,0
473,33,33,14,58209.12,0,Low,3,3,4
474,23,22,13,64566.89,4,High,3,9,7
475,114,9,13,64122.45,2,Medium,6,3,7
476,15,39,2,53739.55,3,High,6,1,1
477,102,9,13,54234.53,3,Low,3,2,4
478,54,4,19,53438.21,2,Medium,3,6,2
479,75,45,6,69428.54,0,High,1,2,0
480,112,4,16,56974.64,0,Medium,7,6,0
481,62,23,2,49136.06,1,Medium,8,1,3
482,38,7,8,28164.31,4,Medium,2,1,5
483,24,3,17,36897.78,4,Low,4,5,0
484,54,24,2,57645.38,4,Medium,7,9,6
485,106,45,10,88177.7,1,Medium,8,8,4
486,92,3,16,59274.37,4,High,1,3,2
487,14,39,6,43646.62,2,Low,4,3,7
488,36,18,2,33352.11,1,Low,6,1,1
489,56,36,2,61741.48,2,High,3,3,0
490,19,35,13,68754.39,1,High,5,1,1
491,105,24,15,71198.32,4,Low,9,8,0
492,88,31,2,56016.04,2,Medium,3,1,2
493,7,9,7,25054.14,2,Low,5,5,5
494,41,23,3,37380.22,2,Low,8,9,4
495,44,45,8,67769.0,1,Low,6,7,7
496,76,37,14,70448.02,3,Low,4,4,2
497,44,6,7,40365.83,4,Medium,8,9,1
498,112,14,7,49236.63,2,Low,3,9,0
499,60,30,1,54085.46,3,High,3,2,1
500,27,32,17,74856.52,4,High,4,6,4
501,108,48,9,87922.35,4,Medium,9,4,6
502,15,17,13,50389.97,2,Medium,5,8,7
503,114,43,19,100000.0,2,Low,8,7,2
504,68,31,19,87607.22,1,High,6,7,1
505,12,17,17,61258.17,3,Medium,3,9,1
506,97,13,10,52575.69,3,Low,8,5,4
507,98,18,10,69172.83,2,High,9,6,6
508,60,17,4,45577.41,4,High,8,1,0
509,64,13,8,58609.69,2,High,4,6,6
510,14,9,18,45184.45,4,Medium,6,2,1
511,43,21,14,62728.68,4,Medium,1,6,4
512,32,4,18,39551.44,2,Low,4,9,0
513,53,17,14,68859.98,0,High,8,8,6
514,40,31,15,69326.98,3,High,1,9,7
515,17,46,4,52174.13,4,Low,3,8,6
516,100,24,13,63366.24,4,Low,1,3,7
517,40,29,8,50907.53,0,Low,9,8,6
518,105,41,18,97392.02,1,High,2,6,5
519,30,6,12,47206.36,0,High,9,6,0
520,90,21,14,64420.8,0,Low,4,6,6
521,8,41,2,41639.74,4,Medium,2,3,5
522,99,45,18,84711.24,3,Low,4,1,2
523,86,2,2,43363.91,0,High,6,4,4
524,68,31,11,76487.44,1,High,7,6,6
525,42,22,9,60113.86,2,High,3,2,7
526,92,21,12,59776.37,0,Low,3,7,0
527,91,7,17,54949.45,0,Low,8,7,7
528,26,23,15,53882.69,1,Low,5,4,5
529,6,19,17,47900.58,3,Low,4,4,5
530,35,9,18,64504.18,0,High,7,1,2
531,15,40,6,64806.49,0,High,7,2,7
532,96,33,17,94270.1,3,High,9,9,3
533,50,34,18,87308.27,1,High,9,8,4
534,100,17,8,60806.54,0,Medium,5,8,7
535,66,13,9,53525.4,3,Medium,8,9,3
536,73,39,6,69301.12,0,High,1,7,0
537,68,35,5,72406.42,2,High,9,9,4
538,106,15,12,61745.4,4,Low,8,2,7
539,14,37,11,58480.98,2,Low,6,6,2
540,44,34,1,43017.35,0,Low,3,3,0
541,114,24,11,80324.19,1,High,3,6,4
542,28,46,19,88368.68,4,Medium,8,3,7
543,103,3,9,46585.55,2,Low,5,8,7
544,48,42,2,55669.02,3,Medium,7,4,4
545,116,22,12,67370.2,1,Medium,5,6,3
546,64,3,4,28455.6,2,Low,8,9,0
547,66,28,4,45740.26,3,Low,4,2,2
548,91,10,18,65794.0,0,Medium,2,2,2
549,21,2,15,30860.88,3,Medium,3,7,0
550,69,12,19,60000.38,2,Medium,8,2,0
551,99,4,13,54117.34,2,Medium,7,2,5
552,99,24,19,79409.43,0,High,2,4,1
553,110,27,17,82005.68,3,Medium,6,9,7
554,61,5,6,38902.51,3,Medium,9,8,3
555,59,19,16,62962.52,0,High,4,2,0
556,110,7,12,51582.73,3,Low,9,8,0
557,57,36,19,75689.7,0,Low,2,4,1
558,60,23,5,42042.96,1,Low,2,2,1
559,102,44,17,98291.83,2,Medium,9,7,4
560,13,16,1,30697.63,1,Medium,7,6,6
561,26,23,10,54533.32,4,Medium,7,5,2
562,17,38,15,61443.39,4,Low,1,1,3
563,93,43,11,77095.61,4,Low,6,2,4
564,52,13,13,45037.51,0,Low,7,8,0
565,22,48,5,55073.89,3,Low,6,1,7
566,119,43,1,73574.39,1,Medium,6,3,1
567,80,39,12,67149.8,1,Low,2,2,5
568,44,19,11,42434.43,1,Low,6,5,2
569,21,46,17,81891.95,1,High,4,4,4
570,19,36,4,52878.22,4,Low,9,7,5
571,110,31,15,76994.89,1,Medium,1,5,2
572,19,25,9,53882.96,3,Medium,8,8,6
573,83,43,19,84352.94,4,Low,5,4,6
574,67,31,19,79590.28,1,Medium,1,6,5
575,43,15,12,56110.4,0,High,4,4,1
576,17,7,5,26926.45,2,High,1,2,4
577,85,4,10,41004.1,2,Low,6,1,4
578,36,17,17,56852.24,2,High,2,1,6
579,13,8,5,21937.8,4,Low,5,8,2
580,44,15,16,51565.7,1,Low,7,4,5
581,24,10,7,32940.6,4,Low,2,5,1
582,94,16,9,64853.74,3,High,6,8,0
583,95,22,3,45798.74,0,Low,6,7,4
584,89,36,15,75948.37,0,Low,5,8,7
585,86,3,16,58472.59,2,Medium,5,8,0
586,81,28,18,67939.45,2,Low,3,6,1
587,84,3,14,47490.94,2,Low,2,2,6
588,77,36,3,55330.85,1,Low,7,6,7
589,67,19,12,46554.04,3,Low,1,1,4
590,80,15,9,45226.99,3,Low,6,1,4
591,48,21,7,38351.15,3,Low,6,3,5
592,42,19,9,41982.27,3,Medium,3,3,7
593,87,11,13,48852.39,2,Low,2,5,0
594,64,26,18,63598.11,0,Low,2,1,6
595,75,3,5,46469.39,2,High,9,6,5
596,103,26,13,67437.58,3,Low,5,7,3
597,52,34,4,61687.76,2,Medium,7,3,0
598,22,37,2,42205.23,3,Low,5,4,0
599,20,32,16,55870.61,4,Low,7,3,3
600,59,15,9,36640.26,0,Low,4,1,1
601,43,2,9,33800.91,4,Low,8,8,7
602,72,47,6,66293.72,1,Low,7,2,7
603,63,17,11,42614.56,2,Low,5,1,1
604,93,47,1,65123.46,1,Low,6,8,4
605,100,4,4,35367.33,2,Low,5,7,2
606,66,36,13,74887.08,4,Low,7,7,5
607,108,42,13,75751.73,3,Low,2,4,2
608,17,7,13,35146.82,3,Low,5,9,4
609,113,26,2,63577.85,2,Medium,3,6,7
610,85,14,9,55185.76,3,Medium,9,2,2
611,117,35,8,64834.14,4,Low,6,1,0
612,105,9,7,51055.8,3,High,3,1,0
613,10,22,4,36757.52,4,Medium,7,9,3
614,87,35,18,77331.82,1,Low,4,4,3
615,81,5,3,45293.48,4,High,3,5,4
616,64,26,6,65892.7,0,High,8,3,4
617,94,16,12,50541.15,0,Low,4,4,6
618,18,5,12,33107.35,0,Low,1,8,4
619,99,46,8,86092.94,2,High,6,4,0
620,58,13,1,33814.21,2,Medium,1,9,2
621,8,33,4,40747.99,2,Low,5,9,5
622,43,33,11,54237.2,4,Low,7,6,6
623,76,29,3,50814.0,2,Low,6,2,6
624,29,14,13,38643.43,1,Low,2,7,7
625,81,32,17,78455.41,0,Medium,4,9,6
626,36,15,10,40853.95,4,Low,2,6,4
627,63,21,12,44850.09,0,Low,1,3,4
628,106,19,15,65637.62,2,Medium,3,7,0
629,67,30,10,61855.99,4,Low,3,5,5
630,42,7,14,39866.18,3,Low,7,1,0
631,96,33,13,72513.4,1,Medium,1,3,5
632,57,30,5,62177.99,2,High,9,5,0
633,98,44,6,78608.43,2,Medium,6,7,2
634,71,3,2,34474.3,1,Medium,4,3,7
635,32,24,17,53062.69,1,Low,3,6,4
636,7,20,4,24725.49,3,Low,3,5,1
637,113,32,14,79125.03,2,Medium,2,1,1
638,102,6,10,48021.24,2,Low,2,6,7
639,84,20,3,40168.09,0,Low,5,8,4
640,26,35,3,42238.07,4,Low,9,1,6
641,100,11,15,54518.76,4,Low,2,2,4
642,42,26,6,42070.73,0,Low,2,4,4
643,76,3,17,49955.79,4,Low,6,2,7
644,76,12,12,44722.03,1,Low,2,9,4
645,66,32,11,63225.48,4,Low,4,8,6
646,61,16,4,49347.89,4,High,6,8,5
647,10,10,6,27701.05,0,Medium,5,4,7
648,82,24,1,46767.01,3,Medium,1,5,2
649,36,20,16,58561.02,4,Medium,6,4,1
650,103,10,15,60505.08,4,Low,1,9,7
651,14,36,17,58317.09,3,Low,3,2,3
652,7,22,8,43705.51,0,Medium,5,8,1
653,63,10,12,44093.97,3,Medium,5,2,1
654,80,29,10,64575.43,0,Medium,6,1,6
655,53,47,15,77491.03,1,Low,8,3,0
656,63,8,9,41444.06,0,Low,5,9,4
657,35,17,2,28364.5,1,Low,1,3,4
658,97,17,5,50413.13,1,Low,5,9,4
659,73,34,6,59762.63,0,Medium,3,7,0
660,66,5,7,39787.18,2,Medium,4,1,6
661,56,5,1,30406.23,0,Low,8,5,7
662,93,40,7,80198.6,4,High,7,9,2
663,45,41,12,75040.59,4,Medium,5,3,2
664,35,18,16,54829.42,2,Low,2,9,6
665,89,38,16,77501.03,1,Low,6,5,3
666,88,40,11,73151.37,2,Low,6,9,2
667,107,30,4,59755.21,4,Low,6,6,6
668,26,37,13,67360.49,2,Low,9,9,7
669,8,39,7,51907.9,0,Low,8,7,2
670,17,40,4,48375.01,2,Low,8,7,4
671,49,38,15,61853.84,1,Low,1,8,5
672,46,36,19,87616.52,0,High,5,7,6
673,118,8,9,45702.51,3,Low,7,9,1
674,53,28,11,59402.06,4,Medium,6,9,2
675,24,29,8,45092.57,4,Low,5,6,2
676,81,23,1,51657.76,2,High,8,7,0
677,85,15,8,45152.59,0,Low,3,2,3
678,58,8,13,45311.44,3,Low,6,9,5
679,40,38,4,63755.69,0,High,5,1,7
680,101,23,8,62976.85,4,High,8,1,0
681,5,6,3,24714.31,0,High,4,3,4
682,19,3,9,27012.6,3,Low,8,6,1
683,81,28,2,46028.18,2,Low,2,5,3
684,21,22,2,38382.11,1,Medium,9,2,0
685,28,39,13,75456.23,0,High,9,9,6
686,62,16,15,57695.97,1,Medium,6,4,2
687,76,22,12,63322.05,4,Medium,4,4,2
688,118,11,4,37104.32,2,Low,4,5,3
689,95,24,8,64554.81,2,Medium,6,8,2
690,113,40,9,76291.85,0,Low,5,4,6
691,27,6,5,19099.02,2,Low,6,5,0
692,50,2,18,42754.93,0,Low,7,4,0
693,76,14,11,59877.98,0,Medium,7,6,2
694,12,22,15,50979.48,1,Low,9,3,2
695,63,27,9,57840.92,2,Low,8,8,4
696,94,46,17,95772.88,0,Medium,6,6,1
697,115,22,12,71313.64,1,Low,6,5,7
698,63,19,7,49155.6,3,Medium,5,2,3
699,17,38,10,51078.43,1,Low,1,7,0
700,43,46,10,69765.62,1,Low,9,2,3
701,105,33,13,78437.64,0,Medium,9,1,4
702,117,37,19,86815.94,4,Low,9,7,0
703,32,18,11,43679.8,4,Low,8,5,4
704,93,36,13,71736.99,4,Low,3,1,4
705,65,12,8,37051.21,1,Low,1,4,5
706,20,22,8,50675.07,0,High,8,4,2
707,6,27,4,34218.05,2,Low,7,7,6
708,86,5,15,67806.1,1,High,5,9,5
709,21,35,11,54272.12,1,Low,7,2,7
710,34,49,11,69665.47,0,Medium,4,1,3
711,107,19,1,49984.63,3,Medium,9,2,6
712,17,41,17,75007.58,1,Medium,2,7,3
713,100,36,15,81119.6,3,Low,9,6,2
714,118,42,6,73194.44,3,Low,9,4,6
715,97,30,15,71196.94,4,Low,5,1,5
716,114,30,9,74930.11,0,High,1,1,3
717,98,39,14,89287.76,3,High,7,5,5
718,86,43,18,88978.13,0,High,4,1,2
719,17,22,17,57945.11,4,Low,9,7,6
720,47,43,18,80053.8,0,Medium,6,1,6
721,89,14,5,51921.05,1,High,3,1,0
722,98,42,9,73263.08,3,Low,6,2,4
723,25,18,11,41467.38,0,Low,6,3,4
724,116,10,1,42221.62,2,Medium,5,1,5
725,59,42,18,82898.22,0,Medium,2,9,6
726,85,2,6,41884.75,3,High,2,8,3
727,44,3,2,20155.76,4,Low,7,5,5
728,87,49,15,96906.45,4,High,2,2,5
729,19,30,14,58893.48,3,Low,6,5,1
730,77,34,5,61053.3,1,Low,5,6,7
731,56,11,6,33836.27,1,Low,4,1,6
732,78,41,6,80691.88,4,High,7,4,4
733,112,22,18,82279.55,4,Medium,8,9,6
734,99,29,14,70126.86,3,Medium,4,2,2
735,57,12,10,45962.62,1,Low,1,5,5
736,91,35,14,82798.42,4,High,1,1,1
737,56,9,13,35896.11,1,Low,1,4,1
738,34,23,3,50477.15,4,High,1,4,4
739,37,9,6,27469.73,0,Low,5,6,4
740,61,16,8,42622.35,2,Low,4,9,4
741,56,18,12,52964.15,0,Low,9,3,2
742,13,24,13,51585.12,4,Low,3,9,1
743,58,25,11,58297.78,2,Medium,7,6,3
744,115,46,12,96012.97,2,Medium,8,7,2
745,5,20,1,25722.71,4,Low,6,2,0
746,48,6,17,55300.75,4,High,1,6,7
747,103,33,16,78962.28,1,Low,8,6,7
748,79,45,11,83448.41,4,Medium,3,2,5
749,102,2,13,56318.32,3,High,8,2,7
750,84,24,18,77942.14,4,Medium,4,2,4
751,13,38,11,57339.22,3,Low,8,1,1
752,36,9,12,51327.42,4,High,1,5,7
753,19,14,6,36795.09,1,Medium,3,8,5
754,16,9,9,36310.41,3,Low,6,2,7
755,101,24,16,78053.77,0,Low,9,5,6
756,113,44,4,79354.31,3,High,2,8,2
757,82,2,3,33036.61,1,Medium,1,5,0
758,61,46,16,89323.13,3,Medium,3,2,6
759,12,25,12,54644.87,4,High,4,3,2
760,76,36,11,73529.42,4,Medium,5,6,2
761,31,25,5,41311.63,1,Low,3,5,3
762,66,18,18,53655.32,2,Low,2,4,7
763,16,6,19,43885.67,4,Low,2,4,5
764,69,21,6,48734.7,0,Medium,7,5,3
765,111,22,18,73476.99,1,Low,9,2,2
766,108,41,6,80133.03,3,Medium,2,9,7
767,46,32,4,44532.46,3,Medium,7,2,0
768,66,47,12,87757.58,0,High,7,2,1
769,119,37,19,96214.99,4,Low,7,9,1
770,15,12,2,31000.1,1,High,3,3,7
771,107,16,17,69530.07,0,Low,7,7,6
772,47,20,11,62305.86,4,High,1,4,5
773,99,8,11,42221.16,1,Low,1,6,4
774,21,29,16,59572.11,3,Low,5,4,4
775,101,44,2,77771.3,1,High,2,7,1
776,36,6,2,22815.86,2,Low,9,1,2
777,97,6,8,41959.87,1,Low,7,3,2
778,89,31,13,69598.76,2,Medium,4,3,3
779,89,33,10,74074.27,1,Medium,4,1,7
780,44,9,8,39403.51,2,Medium,2,6,5
781,27,11,4,32288.36,3,Medium,5,9,7
782,60,39,15,78845.92,4,Medium,4,8,7
783,10,48,1,47605.16,2,Low,1,7,3
784,90,33,11,65016.45,2,Low,8,8,4
785,54,49,7,67153.79,3,Low,3,6,7
786,106,29,17,87949.37,2,High,6,9,1
787,41,18,18,64608.08,0,Medium,4,3,6
788,113,32,12,71375.33,3,Low,9,9,7
789,68,9,9,42816.27,0,Low,7,4,2
790,119,41,5,90351.28,3,High,9,7,7
791,58,26,10,47688.73,2,Low,3,9,1
792,76,10,4,31348.45,0,Medium,1,2,0
793,109,3,5,47057.7,2,Medium,5,2,1
794,53,16,10,47386.88,3,Medium,3,9,0
795,103,4,11,55084.49,2,Low,6,3,3
796,119,37,10,83482.48,0,High,8,9,3
797,15,5,8,36710.14,0,High,4,5,4
798,92,15,2,44929.82,2,Medium,5,6,1
799,53,42,8,65375.41,1,Medium,5,2,1
800,25,42,16,81788.89,3,High,4,8,0
801,119,26,5,66761.94,3,Medium,4,9,3
802,70,11,3,29997.02,2,Low,4,2,0
803,67,22,12,57457.48,1,Medium,4,6,3
804,108,37,13,84243.28,0,Medium,4,6,0
805,87,13,13,56584.16,4,Low,5,8,3
806,107,28,10,68943.75,4,Medium,2,5,0
807,32,41,4,65789.1,2,High,2,9,6
808,21,3,9,40406.82,1,High,9,1,3
809,10,14,2,20214.8,1,Low,2,9,5
810,23,33,19,67582.04,3,Low,6,7,0
811,60,32,1,52340.89,0,High,2,4,1
812,106,17,7,64806.1,1,High,5,3,4
813,32,33,17,64422.8,4,Low,4,6,5
814,70,33,3,64135.16,0,High,7,1,5
815,42,35,3,56298.61,0,High,7,3,0
816,41,12,3,35691.11,2,Medium,6,2,4
817,119,11,17,67763.69,1,Medium,5,9,1
818,72,16,7,41408.51,2,Low,1,3,5
819,90,18,14,59141.9,1,Low,3,2,1
820,94,41,17,86101.61,3,Low,9,4,3
821,53,19,18,69176.09,2,High,1,2,7
822,47,10,13,47410.68,2,Low,5,1,6
823,40,26,18,65170.91,4,Low,2,6,7
824,62,41,4,61466.62,2,Low,4,8,7
825,17,15,1,27574.08,1,Medium,1,2,4
826,56,26,18,81048.09,4,High,3,9,6
827,62,23,1,42971.31,2,Low,7,3,2
828,36,31,13,56246.99,2,Low,3,8,3
829,85,21,10,64828.21,3,Medium,4,8,4
830,109,22,11,59569.46,2,Low,2,3,0
831,104,45,9,73650.65,0,Low,3,3,6
832,64,33,9,60100.82,4,Low,9,6,0
833,114,47,5,70757.46,0,Low,3,1,1
834,87,22,1,40920.18,4,Low,5,4,7
835,62,36,17,72792.04,3,Low,2,1,5
836,103,33,2,55091.45,2,Low,4,3,6
837,114,31,13,87454.79,2,High,7,9,2
838,108,40,9,77071.61,2,Low,7,5,0
839,60,13,4,40289.24,4,Medium,3,5,4
840,32,42,5,64458.01,2,Medium,5,4,6
841,5,48,11,57825.56,0,Low,1,3,6
842,46,19,19,60008.79,2,Medium,1,5,5
843,86,22,3,44630.02,3,Low,5,4,5
844,52,14,12,52055.86,0,High,9,8,4
845,44,22,19,61617.29,2,Low,1,4,5
846,101,9,19,56883.3,2,Low,1,8,0
847,67,47,13,74446.91,1,Low,4,6,4
848,80,41,7,80348.84,4,High,4,5,7
849,76,47,15,85457.36,0,Medium,2,4,4
850,92,8,7,46578.36,1,Medium,9,4,1
851,84,24,8,49190.37,3,Low,9,4,2
852,118,45,5,84202.42,4,Medium,2,9,6
853,8,33,14,57569.24,0,Low,9,4,1
854,42,12,4,49767.16,2,High,6,9,2
855,112,23,10,61610.86,0,Low,8,6,4
856,31,23,15,49736.65,2,Low,4,7,6
857,13,44,18,72284.27,4,Low,2,3,5
858,115,26,13,67935.82,2,Low,2,8,2
859,20,23,8,49784.51,3,Medium,9,3,4
860,60,29,9,56059.75,2,Low,1,1,4
861,80,30,16,77564.46,3,Medium,7,5,1
862,35,14,19,50601.9,4,Low,3,2,1
863,92,19,16,70490.01,4,Medium,3,6,5
864,18,3,7,18288.26,0,Low,2,9,7
865,113,30,14,75824.11,3,Low,6,1,3
866,29,22,14,57116.26,3,Medium,2,4,0
867,38,16,4,31491.71,1,Low,4,1,3
868,71,28,15,60553.79,1,Low,9,1,3
869,28,32,3,57036.55,1,High,9,8,6
870,110,16,5,64915.58,2,High,6,2,7
871,77,24,1,38802.74,1,Low,4,1,6
872,30,25,3,42852.76,3,Low,7,8,5
873,24,45,15,73765.29,2,Medium,1,4,6
874,68,14,8,43537.51,4,Low,4,3,2
875,108,23,4,50363.58,0,Low,5,4,5
876,14,44,2,48953.14,1,Low,8,5,5
877,87,38,10,73510.15,4,Medium,2,1,4
878,71,34,4,54850.3,3,Medium,5,1,4
879,28,4,3,19521.74,0,Low,6,3,4
880,9,20,2,18434.42,4,Low,5,6,0
881,71,24,17,62595.49,0,Low,9,1,2
882,62,30,13,65631.65,1,Medium,1,2,2
883,31,31,5,47960.79,3,Low,3,7,4
884,84,40,9,66018.26,0,Low,2,1,3
885,117,45,6,81329.05,4,High,3,7,0
886,19,48,5,59998.57,1,Low,9,4,3
887,39,26,10,53582.55,1,Medium,9,6,1
888,80,38,8,65842.6,4,Low,2,8,2
889,109,48,7,73882.5,4,Low,3,9,2
890,57,9,7,32080.38,0,Low,4,6,3
891,48,43,6,64630.95,2,Medium,9,9,0
892,30,17,3,40416.88,1,High,3,4,2
893,51,9,19,64113.4,0,High,7,6,3
894,38,2,15,40226.73,4,Low,3,8,5
895,91,45,4,74744.1,0,Medium,7,9,5
896,99,6,12,45346.38,4,Low,7,3,6
897,54,4,6,29727.44,3,Low,9,2,0
898,88,2,19,59513.5,4,High,2,6,3
899,16,5,4,17748.44,4,Low,6,4,6
900,91,41,15,79608.26,4,Low,9,1,5
901,8,36,9,47200.39,2,Low,2,8,0
902,91,33,5,54657.76,4,Low,2,9,7
903,52,43,13,76513.48,1,Low,5,9,6
904,59,35,18,84844.01,1,Medium,8,2,7
905,116,44,5,81952.33,0,Low,9,9,4
906,5,26,16,65442.95,2,High,2,7,0
907,93,11,19,71513.66,0,High,5,5,1
908,70,22,14,59061.96,1,Low,7,7,4
909,34,47,16,75596.32,1,Low,6,9,6
910,7,40,15,69556.91,3,Low,6,8,3
911,25,28,4,46953.38,4,Medium,7,6,4
912,93,28,7,59807.7,1,Low,3,4,4
913,88,3,16,57274.3,0,Medium,3,1,6
914,53,42,8,64568.64,0,Low,9,6,3
915,90,49,17,91245.08,4,Medium,8,3,3
916,89,14,16,59918.24,4,Low,5,6,5
917,66,10,10,42940.9,3,Low,6,6,1
918,101,37,10,84033.76,2,High,1,4,3
919,42,23,2,37758.37,0,Medium,1,2,2
920,19,43,9,55074.18,4,Low,4,9,2
921,114,27,17,86963.73,0,High,2,2,1
922,56,13,11,42917.38,4,Low,7,3,0
923,83,18,10,53764.25,1,High,2,1,6
924,50,15,17,64274.95,0,High,2,7,0
925,29,15,4,29002.31,1,Low,5,1,2
926,25,35,16,60971.19,0,Low,4,9,3
927,92,21,15,62223.86,2,Low,8,1,1
928,9,12,5,31473.15,3,Medium,4,5,0
929,74,17,6,50395.35,1,Medium,6,7,0
930,117,32,17,76412.03,4,Low,5,3,7
931,111,7,1,39860.65,2,Low,2,9,6
932,116,20,19,93218.99,0,High,8,8,4
933,112,38,4,72269.45,1,High,2,3,2
934,51,5,17,47370.39,0,Medium,9,5,3
935,91,48,9,80013.34,0,Low,9,7,1
936,72,5,2,22480.72,0,Low,3,4,0
937,95,21,8,55806.35,3,Low,4,5,6
938,22,11,15,61306.51,3,High,8,3,4
939,25,25,7,40361.08,4,Low,9,9,2
940,96,36,6,66510.14,1,Medium,3,9,2
941,103,27,1,50616.56,2,Low,5,7,6
942,90,38,15,88075.04,2,Medium,8,2,7
943,108,39,7,84966.85,2,Medium,3,7,1
944,27,22,17,67541.26,0,High,7,7,0
945,68,41,2,51403.33,3,Low,8,5,1
946,71,40,9,65763.44,1,Low,3,9,6
947,44,22,9,41575.41,0,Low,2,3,6
948,118,11,13,72064.76,3,High,7,4,1
949,14,39,6,63130.65,3,High,9,1,5
950,93,47,6,72374.56,1,Medium,1,6,4
951,56,5,3,27099.54,1,Medium,3,4,2
952,117,46,17,95219.83,1,Medium,5,1,5
953,76,21,17,59981.93,0,Low,3,2,3
954,79,18,12,63173.43,4,High,1,3,2
955,65,8,16,51446.62,1,Low,7,9,2
956,68,5,15,52504.55,4,Low,7,8,4
957,9,30,13,57811.37,0,Medium,8,7,3
958,113,15,1,39369.3,4,Low,5,4,0
959,57,4,17,40283.68,2,Low,5,1,3
960,59,25,3,48128.42,4,Medium,5,8,0
961,41,38,15,66268.59,1,Low,1,4,7
962,60,17,4,38227.71,0,Medium,5,3,7
963,63,5,4,29272.71,1,Low,6,9,3
964,113,25,18,75880.88,2,Low,1,4,1
965,106,35,17,83744.92,1,Low,7,4,6
966,97,31,19,79020.3,1,Low,1,9,3
967,73,19,11,57663.64,1,Medium,2,2,5
968,77,20,3,39278.89,3,Low,2,5,5
969,63,32,8,59779.24,2,Medium,5,4,4
970,116,20,14,73115.73,1,Low,7,9,6
971,6,47,1,53285.92,1,Medium,1,5,6
972,69,20,14,64861.18,1,High,1,9,0
973,108,23,2,48063.83,0,Medium,1,9,2
974,64,25,4,42223.45,3,Low,6,2,4
975,55,46,19,84030.6,0,Low,2,9,5
976,34,13,6,28025.22,3,Low,1,3,5
977,15,31,1,43190.2,1,Medium,6,4,7
978,96,39,17,81959.31,2,Low,2,1,0
979,112,32,8,65420.92,4,Low,6,1,5
980,80,37,19,87501.88,4,Medium,8,1,5
981,43,20,1,32954.71,1,Low,2,9,0
982,94,49,5,77453.75,0,Medium,9,8,5
983,81,46,16,81680.85,2,Low,8,5,2
984,76,37,6,59378.48,3,Low,1,5,1
985,67,31,8,64810.9,1,Medium,7,9,4
986,68,34,13,65865.28,2,Low,6,3,2
987,65,19,16,63499.86,2,Medium,6,3,2
988,58,29,3,48934.88,3,Low,6,7,1
989,96,48,19,96507.14,2,Low,6,9,7
990,98,12,12,68246.46,0,High,7,6,6
991,77,46,16,95366.59,0,High,3,2,4
992,107,34,11,81419.72,0,Medium,6,1,7
993,99,18,10,60730.78,2,Low,3,2,7
994,62,7,4,32762.96,0,Medium,7,1,2
995,89,5,12,56408.22,3,Low,7,9,5
996,60,21,2,38209.68,2,Low,8,8,7
997,115,49,19,100000.0,4,High,2,7,1
998,38,48,5,59498.12,2,Low,9,3,6
999,35,28,8,60693.18,3,High,5,8,4
1000,56,16,7,41555.73,4,Low,9,2,3
1001,93,7,14,46299.09,2,Low,5,2,0
1002,80,48,3,71360.16,0,Medium,7,3,5
1003,5,15,18,57353.99,1,High,9,7,1
1004,59,12,16,50295.17,1,Medium,4,1,0
1005,26,40,19,83583.83,0,High,2,8,6
1006,44,10,19,65369.63,1,Medium,9,7,6
1007,105,27,18,78537.94,1,Medium,2,4,3
1008,115,17,16,81023.06,0,High,3,5,7
1009,5,6,8,17263.0,0,Low,2,1,2
1010,69,11,1,24349.57,2,Low,3,4,2
1011,67,4,17,48461.58,2,Low,6,1,4
1012,110,14,12,70666.84,0,High,3,1,1
1013,58,44,11,81226.86,3,High,8,1,1
1014,46,31,5,52079.94,1,Low,6,7,7
1015,25,46,12,78785.37,2,Medium,7,7,6
1016,83,7,17,63090.41,1,High,1,4,4
1017,85,18,6,45143.81,4,Low,3,2,7
1018,26,46,1,53616.27,0,Medium,3,3,0
1019,42,20,5,51250.06,3,High,2,8,2
1020,103,43,14,79903.07,4,Low,7,8,2
1021,113,36,5,75287.18,4,Medium,9,6,6
1022,84,47,1,62597.96,4,Low,4,9,1
1023,12,27,18,68531.44,0,High,5,9,6
1024,66,6,16,59390.57,2,High,3,4,7
1025,51,30,9,61404.03,0,High,9,1,1
1026,21,38,19,62567.22,2,Low,4,1,4
1027,21,21,5,48100.54,4,High,5,5,7
1028,94,22,2,57106.23,4,High,1,2,3
1029,17,11,15,37658.13,3,Low,2,6,0
1030,21,6,7,37817.81,2,High,9,7,5
1031,42,37,4,44684.1,4,Low,2,1,3
1032,85,7,1,38946.83,1,Medium,5,6,7
1033,116,27,13,78002.16,3,Low,8,8,3
1034,82,5,7,37011.37,0,Low,3,5,1
1035,49,40,15,74902.38,3,Low,6,7,1
1036,10,40,14,62757.13,1,Medium,4,6,1
1037,39,36,19,71278.21,2,Low,7,4,3
1038,114,2,18,66556.07,0,Medium,3,7,6
1039,18,25,10,41002.47,0,Low,6,9,0
1040,115,37,9,73624.88,2,Low,9,7,6
1041,76,7,8,45026.06,3,Medium,1,5,1
1042,65,42,10,81575.28,4,High,3,7,7
1043,19,47,17,68904.67,3,Low,2,3,7
1044,58,45,2,57307.54,1,Medium,8,2,2
1045,31,32,6,64911.95,4,High,7,5,6
1046,17,21,5,30739.85,3,Medium,2,4,0
1047,117,25,9,66297.19,2,Low,6,5,7
1048,35,26,5,39200.87,1,Low,3,8,2
1049,39,37,18,85341.2,1,High,8,4,0
1050,64,22,9,46373.56,1,Low,3,9,1
1051,10,31,17,82044.4,4,High,9,7,6
1052,73,25,17,72106.9,0,Medium,1,7,5
1053,90,45,12,93401.21,4,High,5,8,4
1054,62,43,7,71780.86,3,High,3,6,1
1055,53,31,3,59799.86,0,High,6,8,7
1056,27,23,10,42177.65,3,Low,2,3,3
1057,93,29,2,62588.2,0,Medium,9,1,5
1058,38,8,3,26801.73,4,Low,6,6,3
1059,30,36,16,64531.49,1,Low,7,1,0
1060,51,29,2,51397.95,2,Medium,5,9,3
1061,9,15,10,49685.83,1,High,9,2,5
1062,94,11,6,48031.64,4,High,1,2,5
1063,24,17,11,52647.8,0,Medium,5,7,1
1064,10,17,7,28067.53,1,Low,6,2,2
1065,74,32,15,70584.79,4,Low,7,8,1
1066,63,43,6,71594.45,3,Medium,4,6,0
1067,68,26,9,59503.88,2,Low,1,7,7
1068,118,14,12,63117.86,1,Low,8,7,3
1069,22,7,19,41985.92,0,Low,4,6,2
1070,8,45,3,49983.2,3,Low,3,9,6
1071,21,10,15,44300.9,4,Low,7,9,4
1072,18,46,2,49707.17,2,Low,2,7,5
1073,82,37,2,53509.84,0,Low,8,9,2
1074,17,44,3,53980.33,4,Low,6,3,7
1075,11,21,6,47703.77,4,High,7,3,6
1076,48,19,15,48833.34,1,Low,5,1,2
1077,19,44,10,59504.82,1,Low,9,5,1
1078,23,22,9,48409.55,0,Medium,5,4,6
1079,67,5,1,19991.28,4,Low,5,2,4
1080,111,34,16,95435.31,1,High,3,9,7
1081,115,28,6,64704.19,2,Medium,1,3,5
1082,112,8,9,53697.07,2,Low,2,8,7
1083,39,7,4,26832.75,4,Low,8,6,0
1084,85,16,2,44244.2,1,High,1,5,0
1085,39,19,4,41906.59,0,High,7,1,2
1086,23,33,1,37227.88,0,Low,5,4,6
1087,24,12,19,51345.29,0,Medium,3,3,2
1088,104,21,10,56098.21,2,Low,7,1,3
1089,39,25,15,70585.44,1,High,9,5,4
1090,36,16,19,51822.07,1,Low,2,6,5
1091,52,49,16,92162.62,2,High,8,2,2
1092,48,8,4,33038.05,0,Medium,9,3,3
1093,108,22,2,55795.11,0,Medium,3,6,6
1094,28,43,13,69169.7,4,Medium,2,4,4
1095,65,27,1,49038.62,3,Low,7,9,5
1096,21,45,17,72356.88,1,Low,5,5,0
1097,75,15,13,52280.76,1,Low,5,4,3
1098,111,38,4,63276.97,1,Low,5,2,6
1099,54,22,7,46542.97,3,Medium,4,6,4
1100,69,19,17,63740.65,4,Low,5,2,3
1101,103,6,9,42857.67,3,Low,4,7,2
1102,36,4,4,33172.2,0,High,6,3,1
1103,40,24,19,74331.41,0,High,4,9,0
1104,17,27,1,41749.47,1,High,2,5,2
1105,74,38,10,84963.8,2,High,9,8,2
1106,62,25,4,40135.89,1,Low,2,6,6
1107,18,20,9,48201.8,2,Low,9,8,6
1108,41,26,13,62514.67,3,Medium,6,3,4
1109,116,22,14,74560.74,0,Medium,9,3,6
1110,83,13,10,49094.31,2,Low,9,5,3
1111,115,42,6,74249.54,3,High,3,3,0
1112,72,34,16,67355.3,0,Low,1,8,2
1113,44,5,6,26038.29,2,Low,1,8,4
1114,63,43,17,83628.31,1,Medium,3,2,7
1115,84,8,10,54378.74,1,Medium,5,4,7
1116,96,23,18,78812.64,1,Medium,3,1,0
1117,20,34,18,67516.8,3,Low,9,4,6
1118,66,18,3,52816.83,1,High,9,4,6
1119,8,25,15,49428.94,4,Low,3,9,3
1120,49,35,15,59654.7,0,Low,3,3,6
1121,94,29,4,64182.64,3,High,5,2,7
1122,32,44,9,71883.5,1,High,2,9,2
1123,100,42,19,100000.0,0,High,6,9,7
1124,113,40,17,99458.54,2,High,7,1,5
1125,70,23,11,63264.64,1,Medium,9,6,2
1126,35,18,9,45957.6,0,Medium,6,8,2
1127,7,35,10,43753.65,4,Low,3,3,6
1128,12,7,18,35734.73,2,Low,5,9,0
1129,28,47,13,63108.79,4,Low,4,2,6
1130,19,7,8,25423.98,0,Low,5,6,0
1131,47,35,7,62082.13,4,Medium,8,1,0
1132,35,2,17,45901.2,0,Low,8,7,7
1133,77,11,15,53281.15,0,Low,6,3,0
1134,107,22,15,65254.71,4,Low,1,7,4
1135,49,6,1,31432.79,0,Medium,8,4,1
1136,70,3,14,44206.79,1,Low,8,9,6
1137,12,23,5,47060.18,0,High,2,5,4
1138,75,49,11,70076.27,3,Low,4,3,2
1139,112,3,16,50668.66,0,Low,2,8,4
1140,119,11,2,52457.85,3,Medium,4,6,3
1141,107,35,8,78588.5,0,High,7,2,5
1142,110,17,11,55757.09,0,Low,9,3,0
1143,61,49,18,97508.28,4,Medium,8,8,6
1144,84,40,3,71352.11,1,Medium,9,7,3
1145,103,23,1,47600.16,1,Low,8,6,6
1146,34,13,11,50435.39,2,High,2,1,7
1147,78,25,16,81410.72,4,High,7,9,5
1148,106,48,18,88018.7,4,Medium,2,3,3
1149,22,41,16,74012.42,1,High,2,5,6
1150,118,39,10,90826.76,4,High,4,7,2
1151,73,11,18,57402.19,1,Medium,1,7,0
1152,97,36,6,76189.51,4,High,5,3,3
1153,43,33,19,75489.12,0,Medium,6,4,2
1154,64,8,4,42346.3,1,Medium,9,7,0
1155,102,22,13,67108.63,1,Medium,8,8,1
1156,47,21,14,57382.62,3,Medium,2,2,2
1157,49,27,3,41803.76,4,Low,1,9,4
1158,27,5,10,40430.68,4,High,2,7,6
1159,73,47,6,79809.61,1,High,7,8,7
1160,98,23,1,44582.44,0,Low,4,6,0
1161,10,16,14,55489.01,0,High,5,6,3
1162,60,41,8,65590.79,0,Low,7,9,5
1163,114,22,19,73984.14,4,Low,3,4,3
1164,112,16,14,65504.52,3,Medium,2,5,4
1165,8,23,10,42803.44,1,Low,7,9,6
1166,97,29,17,82222.59,2,High,5,1,4
1167,27,15,9,44944.2,3,High,1,4,3
1168,10,28,6,46984.03,2,Medium,1,7,7
1169,36,42,11,69919.22,3,Low,9,9,6
1170,110,41,7,67872.37,0,Low,5,6,5
1171,22,29,17,60910.69,4,Medium,1,8,0
1172,19,27,1,46068.81,2,High,7,9,6
1173,44,3,5,31807.89,3,Medium,9,4,2
1174,100,26,9,52750.54,4,Low,1,1,6
1175,77,4,18,55763.28,2,Medium,4,8,4
1176,105,9,2,36743.26,1,Medium,3,2,4
1177,78,45,11,80001.45,3,Medium,5,1,4
1178,88,34,6,61710.98,1,Low,7,7,5
1179,10,43,8,62412.36,0,Medium,8,9,6
1180,116,36,4,67710.17,1,Medium,2,9,7
1181,67,7,18,63658.71,1,High,7,3,7
1182,71,40,11,66305.92,3,Low,1,6,6
1183,110,24,5,68004.0,0,Medium,7,7,7
1184,15,26,15,69391.06,1,High,8,9,1
1185,47,44,18,73627.88,4,Low,2,2,5
1186,21,20,2,43795.59,2,High,9,8,0
1187,100,6,11,53632.63,1,Medium,1,7,0
1188,8,12,13,33226.96,0,Low,6,4,0
1189,67,13,4,27048.67,1,Low,1,2,0
1190,72,11,7,39409.42,2,Medium,3,8,0
1191,85,9,11,51616.8,0,Low,6,5,7
1192,45,25,4,45826.81,3,Medium,3,6,3
1193,87,29,15,71973.98,0,Low,8,7,4
1194,9,42,1,46177.29,3,Medium,5,1,5
1195,36,37,3,42596.3,0,Low,2,8,3
1196,90,38,14,83656.1,2,High,4,4,5
1197,74,22,6,58176.9,2,High,9,9,1
1198,39,9,18,60749.98,0,High,4,1,6
1199,26,10,1,30777.68,1,Medium,8,2,2
1200,69,48,6,67811.73,2,Low,5,6,4
1201,88,16,6,42646.6,3,Medium,1,1,1
1202,26,49,16,76489.75,3,Low,7,4,3
1203,116,47,5,78194.95,4,Low,3,8,2
1204,15,41,17,72615.0,3,Low,8,5,6
1205,81,19,10,52512.61,4,Low,3,9,1
1206,110,43,18,93396.55,0,Medium,1,6,6
1207,7,21,7,39288.5,0,Medium,5,1,6
1208,13,7,3,21875.75,0,Low,2,6,7
1209,64,13,13,51081.1,1,Low,4,6,5
1210,80,3,15,55442.73,1,High,1,6,2
1211,91,8,19,61867.25,4,Low,9,8,5
1212,18,17,3,28054.91,3,Low,6,6,6
1213,101,4,4,34906.1,3,Low,8,5,7
1214,22,46,5,67855.51,0,High,4,2,1
1215,117,4,1,40036.53,2,Medium,9,4,6
1216,109,28,4,55770.83,1,Low,2,5,3
1217,77,44,12,74715.72,1,Low,9,4,6
1218,27,41,10,62568.33,0,Medium,5,2,5
1219,78,39,13,78558.36,1,Medium,6,7,2
1220,87,34,14,69835.73,0,Low,3,2,1
1221,51,29,5,56822.33,4,High,4,1,5
1222,73,2,4,26182.38,3,Low,6,5,6
1223,51,9,14,43657.24,2,Low,7,1,3
1224,91,38,10,75999.98,3,High,1,1,4
1225,34,33,17,69931.51,3,Low,7,1,7
1226,29,49,10,69820.17,4,Medium,1,6,3
1227,32,44,7,58196.09,1,Low,5,9,6
1228,102,38,16,85424.4,2,Low,6,1,3
1229,113,5,1,47616.67,1,High,2,5,7
1230,116,31,17,80709.68,3,Low,9,9,4
1231,115,7,9,59227.26,0,High,6,9,3
1232,29,47,6,59522.55,3,Low,7,1,4
1233,78,20,19,69430.43,1,Low,8,8,6
1234,82,33,13,67670.53,3,Low,1,1,4
1235,110,10,3,47211.97,0,Medium,8,8,5
1236,114,13,7,50503.33,4,Low,4,1,5
1237,62,12,9,48185.13,1,High,8,5,4
1238,98,47,5,71336.67,3,Low,6,8,1
1239,45,17,10,55448.46,1,High,9,6,2
1240,29,2,17,38234.86,4,Low,4,9,1
1241,82,46,12,86091.38,3,High,2,1,4
1242,103,22,16,77415.51,3,Medium,2,9,2
1243,52,31,3,46837.88,1,Medium,5,1,5
1244,102,14,9,57035.87,1,High,9,3,2
1245,14,35,15,59285.84,0,Medium,3,1,4
1246,103,5,5,48667.31,4,Medium,8,3,5
1247,79,29,13,56965.03,0,Low,4,2,2
1248,15,39,14,58484.16,3,Low,6,2,2
1249,89,32,15,87518.73,1,High,6,9,1
1250,25,28,16,63124.71,3,Medium,3,8,2
1251,90,6,13,62986.12,3,High,5,1,6
1252,49,26,17,54695.31,2,Low,3,4,4
1253,11,4,8,17735.17,2,Low,1,1,0
1254,85,34,2,55711.53,3,Low,7,1,0
1255,68,5,5,31519.36,1,Medium,4,4,0
1256,68,26,6,52604.43,3,Low,7,2,4
1257,6,21,12,38392.93,2,Low,3,3,0
1258,80,35,18,78902.39,1,Low,5,9,1
1259,46,27,1,41193.97,3,Low,5,2,4
1260,86,6,17,59989.51,4,Medium,2,4,6
1261,58,36,11,58826.25,4,Low,2,1,5
1262,79,29,10,72886.19,3,High,4,2,6
1263,20,30,19,59914.6,1,Low,4,5,4
1264,117,10,14,57420.1,3,Low,4,1,4
1265,119,39,10,73244.47,3,Low,6,7,2
1266,22,7,15,36187.28,2,Low,2,4,2
1267,103,20,19,75467.88,4,Low,6,6,2
1268,63,45,4,62903.69,2,Low,7,8,7
1269,94,12,2,47081.07,2,Medium,3,6,7
1270,20,3,9,35480.29,3,Low,8,2,3
1271,10,48,10,65213.16,2,Medium,2,1,7
1272,61,45,11,86842.58,4,High,8,8,1
1273,112,45,14,94130.59,2,Medium,5,8,4
1274,111,10,7,48575.31,4,Low,2,9,6
1275,51,22,15,60163.69,2,Low,7,6,4
1276,115,25,19,73555.71,4,Low,2,1,2
1277,52,35,15,67112.37,2,Low,6,9,4
1278,46,23,8,51621.03,2,High,3,3,5
1279,80,4,11,43871.72,1,Low,9,6,7
1280,64,13,9,46504.3,4,Low,3,9,4
1281,81,29,15,70380.61,4,Medium,3,3,6
1282,8,31,1,39940.03,4,Medium,5,5,0
1283,107,27,1,57130.67,0,Medium,7,5,5
1284,6,49,19,75737.85,2,Low,8,7,5
1285,94,22,3,42440.88,4,Low,7,4,4
1286,63,29,10,67888.56,0,Medium,9,4,3
1287,31,27,8,47451.57,1,Low,5,7,2
1288,31,34,15,70095.86,4,Low,3,9,1
1289,83,22,10,58138.24,4,Low,6,4,1
1290,76,36,1,53621.63,0,Low,5,4,0
1291,11,35,18,57051.94,2,Low,4,6,1
1292,67,42,2,48599.49,1,Low,2,6,1
1293,115,48,19,100000.0,4,Medium,7,7,2
1294,50,19,13,52655.65,2,Medium,5,1,7
1295,67,12,1,38456.14,1,High,4,3,2
1296,108,24,2,60478.79,3,Low,8,9,3
1297,16,49,16,79269.63,3,Low,9,6,6
1298,17,23,15,48593.03,1,Low,9,6,0
1299,47,18,13,46001.64,0,Medium,3,5,1
1300,21,6,16,39740.19,1,Medium,3,3,3
